{
  "generated_at_utc": "2026-03-16T20:04:51.256202+00:00",
  "dataset": "OpenML diabetes v1",
  "split": {
    "test_size": 0.2,
    "random_state": 42,
    "train_rows": 614,
    "test_rows": 154,
    "features": 8
  },
  "best_model": "Random Forest",
  "holdout_metrics": {
    "Random Forest": {
      "accuracy": 0.7597402597402597,
      "precision": 0.6545454545454545,
      "recall": 0.6666666666666666,
      "f1": 0.6605504587155964,
      "roc_auc": 0.8264814814814816
    },
    "SVM": {
      "accuracy": 0.7337662337662337,
      "precision": 0.6226415094339622,
      "recall": 0.6111111111111112,
      "f1": 0.616822429906542,
      "roc_auc": 0.7849999999999999
    },
    "Naive Bayes": {
      "accuracy": 0.7077922077922078,
      "precision": 0.5737704918032787,
      "recall": 0.6481481481481481,
      "f1": 0.6086956521739131,
      "roc_auc": 0.7727777777777778
    },
    "Decision Tree": {
      "accuracy": 0.7402597402597403,
      "precision": 0.625,
      "recall": 0.6481481481481481,
      "f1": 0.6363636363636364,
      "roc_auc": 0.7897222222222222
    }
  },
  "cross_validation_metrics": {
    "Random Forest": {
      "accuracy_mean": 0.7720245235239236,
      "accuracy_std": 0.02691636145344735,
      "precision_mean": 0.697367094287826,
      "recall_mean": 0.626467331118494,
      "f1_mean": 0.6575142761716236,
      "roc_auc_mean": 0.8215725359911407,
      "roc_auc_std": 0.028246487617000632
    },
    "SVM": {
      "accuracy_mean": 0.7752499000399841,
      "accuracy_std": 0.032311035739126165,
      "precision_mean": 0.7122773279352227,
      "recall_mean": 0.5983388704318937,
      "f1_mean": 0.6494837895344224,
      "roc_auc_mean": 0.8291029900332226,
      "roc_auc_std": 0.02221148889561065
    },
    "Naive Bayes": {
      "accuracy_mean": 0.7703851792616286,
      "accuracy_std": 0.022966185847635042,
      "precision_mean": 0.6895834510468657,
      "recall_mean": 0.6263565891472868,
      "f1_mean": 0.6556211340070738,
      "roc_auc_mean": 0.8237278516057586,
      "roc_auc_std": 0.014628448520026736
    },
    "Decision Tree": {
      "accuracy_mean": 0.6661735305877649,
      "accuracy_std": 0.04900319795183468,
      "precision_mean": 0.5112736443883985,
      "recall_mean": 0.5990033222591362,
      "f1_mean": 0.5482978292683193,
      "roc_auc_mean": 0.6950159191583609,
      "roc_auc_std": 0.045053951771274456
    }
  },
  "quality_gate": {
    "min_accuracy": 0.9,
    "min_roc_auc": 0.9,
    "achieved_accuracy": 0.7597402597402597,
    "achieved_roc_auc": 0.8264814814814816,
    "passed": false
  }
}