{
  "generated_at_utc": "2026-03-16T19:51:01.593900+00:00",
  "dataset": "OpenML diabetes v1",
  "split": {
    "test_size": 0.2,
    "random_state": 42,
    "train_rows": 614,
    "test_rows": 154,
    "features": 8
  },
  "best_model": "Random Forest",
  "metrics": {
    "Random Forest": {
      "accuracy": 0.7597402597402597,
      "precision": 0.6808510638297872,
      "recall": 0.5925925925925926,
      "f1": 0.6336633663366337,
      "roc_auc": 0.8144444444444444
    },
    "SVM": {
      "accuracy": 0.7337662337662337,
      "precision": 0.6226415094339622,
      "recall": 0.6111111111111112,
      "f1": 0.616822429906542,
      "roc_auc": 0.7849999999999999
    },
    "Naive Bayes": {
      "accuracy": 0.7077922077922078,
      "precision": 0.5737704918032787,
      "recall": 0.6481481481481481,
      "f1": 0.6086956521739131,
      "roc_auc": 0.7727777777777778
    },
    "Decision Tree": {
      "accuracy": 0.7662337662337663,
      "precision": 0.6875,
      "recall": 0.6111111111111112,
      "f1": 0.6470588235294118,
      "roc_auc": 0.7494444444444444
    }
  }
}